rate,nper,pv,start_period,end_period,type
0.005,24,5000,1,24,0
0.0,12,1200,1,12,0
0.00375,36,10000,18,18,0
0.005833,60,20000,1,60,1
0.004167,30,15000,5,15,0
