rate,nper,pv,start_period,end_period,type
0.0,12,1200.00,1,12,0
0.00375,36,10000.00,18,18,0
0.004167,30,15000.00,5,15,0
0.005,24,5000.00,1,24,0
0.005833,60,20000.00,1,60,1
